,Country Code,year,pib,total_medals
0,ARG,1960,0.002857249454655023,2
1,AUS,1960,0.0007206952148931485,22
2,AUT,1960,0.0002484413038799288,9
3,BEL,1960,0.0004475821354758575,4
4,BRA,1960,0.002857249454655023,2
5,CAN,1960,0.0015798009752882936,6
6,ESP,1960,0.0004638326381348944,1
7,ETH,1960,0.002857249454655023,1
8,FIN,1960,0.00019464325181756906,14
9,FRA,1960,0.002435313792905035,8
10,GBR,1960,0.002868047182309752,20
11,GHA,1960,3.740077724248441e-05,1
12,HUN,1960,0.002857249454655023,24
13,IND,1960,0.0014448986542742101,1
14,IRQ,1960,5.548196654075773e-05,1
15,ITA,1960,0.0015767964521549193,39
16,JPN,1960,0.0017309687347096005,18
17,MAR,1960,6.93673409404392e-05,1
18,MEX,1960,0.0005018788529797813,1
19,NOR,1960,0.00019225205817356486,8
20,NZL,1960,0.00020493250051757065,3
21,PAK,1960,0.00013666878756487703,2
22,POL,1960,0.002857249454655023,24
23,ROU,1960,0.002857249454655023,10
24,SGP,1960,1.6991828910177416e-05,1
25,SWE,1960,0.0006112596569466189,14
26,TUR,1960,0.0002867272607896147,9
27,USA,1960,0.021345901375773534,83
28,VEN,1960,0.00029055091744871757,1
29,ARG,1964,0.0036863800308798655,1
30,AUS,1964,0.0009248885218747984,18
31,AUT,1964,0.00034975215466235784,14
32,BEL,1964,0.0006166655037188766,3
33,BRA,1964,0.0036863800308798655,1
34,CAN,1964,0.0019302727459406136,9
35,CUB,1964,0.0036863800308798655,1
36,ETH,1964,0.0036863800308798655,1
37,FIN,1964,0.0002945886176945646,15
38,FRA,1964,0.003684649023940336,23
39,GBR,1964,0.003700361142604394,21
40,GHA,1964,5.7719686079301085e-05,1
41,HUN,1964,0.0036863800308798655,22
42,IND,1964,0.0022094758467690245,1
43,IRL,1964,9.804150051557547e-05,1
44,ITA,1964,0.0024726550034227506,35
45,JPN,1964,0.0032027653549505063,29
46,KEN,1964,2.854899284675247e-05,1
47,KOR,1964,0.00012525952641751647,3
48,MEX,1964,0.0007786146402548313,1
49,NOR,1964,0.00027071023524864973,15
50,NZL,1964,0.00027522848332201845,6
51,PAK,1964,0.00019389062895930397,1
52,POL,1964,0.0036863800308798655,23
53,PRK,1964,0.0036863800308798655,1
54,ROU,1964,0.0036863800308798655,13
55,SWE,1964,0.000875016839124324,17
56,TTO,1964,1.727256114166227e-05,3
57,TUN,1964,0.0036863800308798655,2
58,TUR,1964,0.00042867664662356623,6
59,USA,1964,0.026947442524451748,102
60,ARG,1968,0.00445883479621947,2
61,AUS,1968,0.0012752486635220549,17
62,AUT,1968,0.00047831799702579376,17
63,BEL,1968,0.0008295730634713037,3
64,BRA,1968,0.00445883479621947,4
65,CAN,1968,0.0028128510828056754,8
66,CMR,1968,3.0413495626274717e-05,1
67,CUB,1968,0.00445883479621947,4
68,ETH,1968,0.00445883479621947,2
69,FIN,1968,0.00033611387584354415,9
70,FRA,1968,0.00509103249876659,25
71,GBR,1968,0.004225229546624554,14
72,HUN,1968,0.00445883479621947,35
73,IND,1968,0.0020760281082577957,1
74,ITA,1968,0.0034462152240261608,22
75,JAM,1968,3.189339980703648e-05,1
76,JPN,1968,0.005752039165327091,25
77,KEN,1968,4.248547487003857e-05,9
78,KOR,1968,0.0002298363667753184,2
79,MEX,1968,0.0011434027234810335,9
80,NOR,1968,0.00038866616916427967,17
81,NZL,1968,0.00019293312784296064,3
82,PAK,1968,0.00030541213461982215,1
83,POL,1968,0.00445883479621947,18
84,ROU,1968,0.00445883479621947,18
85,SWE,1968,0.0012104962116724414,12
86,TUN,1968,3.703610727099004e-05,2
87,TUR,1968,0.0006771972636682363,2
88,UGA,1968,3.0067105544156567e-05,2
89,USA,1968,0.03703807840421102,117
90,VEN,1968,0.0003837332872318297,1
91,ARG,1972,0.0066475532113442,1
92,AUS,1972,0.002034967120554355,18
93,AUT,1972,0.0008564313472581866,8
94,BEL,1972,0.0014519559727714125,2
95,BRA,1972,0.0066475532113442,2
96,CAN,1972,0.004449446023325375,6
97,COL,1972,0.00033015166825922345,3
98,CUB,1972,0.0003090738417028244,8
99,ESP,1972,0.0023137284003779944,2
100,ETH,1972,0.0066475532113442,2
101,FIN,1972,0.0005688294995364878,13
102,FRA,1972,0.007988452525456104,18
103,GBR,1972,0.006670454576589683,20
104,GHA,1972,7.248795406815055e-05,1
105,HUN,1972,0.0066475532113442,36
106,IND,1972,0.0027984397251313684,1
107,ITA,1972,0.005699324423837332,24
108,JAM,1972,6.299895256300141e-05,1
109,JPN,1972,0.012762132789016905,32
110,KEN,1972,7.212386583184002e-05,9
111,KOR,1972,0.00041627204291069266,1
112,LBN,1972,0.0066475532113442,1
113,MEX,1972,0.0017660582448498958,1
114,NOR,1972,0.0006716393889778749,17
115,NZL,1972,0.0003653714990355085,3
116,PAK,1972,0.0003593841510487203,1
117,POL,1972,0.0066475532113442,24
118,PRK,1972,0.0066475532113442,5
119,ROU,1972,0.0066475532113442,18
120,SWE,1972,0.0019136301902978408,21
121,TUN,1972,7.724493199450099e-05,1
122,TUR,1972,0.0008010208048495442,1
123,UGA,1972,4.789733886959853e-05,2
124,USA,1972,0.050269901323906276,103
125,AUS,1976,0.004119073322301967,6
126,AUT,1976,0.0016780050141891637,8
127,BEL,1976,0.002784708643201353,6
128,BRA,1976,0.01119911708618568,3
129,CAN,1976,0.008136941100130328,14
130,CUB,1976,0.000531344134863292,13
131,ESP,1976,0.004647694820557932,3
132,FIN,1976,0.0012412631714137684,13
133,FRA,1976,0.01462480038346463,10
134,GBR,1976,0.009133148372064456,17
135,HUN,1976,0.01119911708618568,26
136,ITA,1976,0.008822713838272472,17
137,JAM,1976,0.00010588106019454074,2
138,JPN,1976,0.023530852359133006,25
139,KOR,1976,0.0011647270767360285,6
140,LIE,1976,0.0,2
141,MEX,1976,0.0034829177829311837,2
142,NOR,1976,0.0014021456013845936,10
143,NZL,1976,0.0005240818850161209,4
144,PAK,1976,0.0005069135892381712,1
145,POL,1976,0.01119911708618568,27
146,PRK,1976,0.01119911708618568,2
147,ROU,1976,0.01119911708618568,29
148,SWE,1976,0.0035020278005456493,8
149,THA,1976,0.0006569612991768072,1
150,TTO,1976,8.757749294424589e-05,1
151,USA,1976,0.07363135471156776,108
152,VEN,1976,0.0012243611052234955,1
153,AUS,1980,0.0058850784262695615,9
154,AUT,1980,0.0032149474929169825,13
155,BEL,1980,0.004974829918420721,1
156,BRA,1980,0.018524735925195775,6
157,CAN,1980,0.010790497412417473,2
158,CUB,1980,0.0007720456976629189,20
159,ESP,1980,0.00913913387125169,9
160,ETH,1980,0.018524735925195775,4
161,FIN,1980,0.0020980312194439524,18
162,FRA,1980,0.027556277756255087,15
163,GBR,1980,0.022196852557370222,23
164,GUY,1980,1.2999926959562272e-05,1
165,HUN,1980,0.018524735925195775,38
166,IND,1980,0.0073135630001084535,1
167,IRL,1980,0.0008441764788366831,3
168,ITA,1980,0.01874980427302647,19
169,JAM,1980,9.461258788282372e-05,3
170,JPN,1980,0.04438404736422168,1
171,LBN,1980,0.018524735925195775,1
172,LIE,1980,1.0307231258174006e-05,4
173,MEX,1980,0.008070329651843636,4
174,NOR,1980,0.0025223403147952095,10
175,POL,1980,0.018524735925195775,33
176,PRK,1980,0.018524735925195775,5
177,ROU,1980,0.018524735925195775,28
178,SWE,1980,0.00557479443751529,17
179,UGA,1980,3.821315157832503e-05,1
180,USA,1980,0.11230734298159407,12
181,VEN,1980,0.0023131032450588777,1
182,AUS,1984,0.007596338745502465,26
183,AUT,1984,0.0026617287499069906,4
184,BEL,1984,0.0032656804412663893,5
185,BRA,1984,0.018641821889010066,8
186,CAN,1984,0.01401155394213011,55
187,CHN,1984,0.012321663224323468,32
188,CIV,1984,0.00025822711407275665,1
189,CMR,1984,0.00027671411720796746,1
190,COL,1984,0.001492982946315323,1
191,DOM,1984,0.0004450379512184571,1
192,EGY,1984,0.0013246642314169053,1
193,ESP,1984,0.006754492450657007,8
194,FIN,1984,0.0020682977880357232,25
195,FRA,1984,0.02084996961531042,34
196,GBR,1984,0.018129913031175705,40
197,IRL,1984,0.0007796621659835134,1
198,ISL,1984,0.00010188720189741289,1
199,ITA,1984,0.017202242445000748,35
200,JAM,1984,8.259129448340315e-05,3
201,JPN,1984,0.052892385686366894,34
202,KEN,1984,0.00023266827711538874,3
203,KOR,1984,0.0038223444602969573,19
204,LIE,1984,9.046260623920338e-06,2
205,MAR,1984,0.0005720324739139312,2
206,MEX,1984,0.00723122659609991,6
207,NOR,1984,0.0024287286223843565,13
208,NZL,1984,0.0008409578403216236,13
209,PAK,1984,0.0012138376995332334,1
210,PER,1984,0.0007888090705038699,1
211,ROU,1984,0.018641821889010066,58
212,SWE,1984,0.004281891690959553,29
213,SYR,1984,0.0007438423959938684,1
214,THA,1984,0.001632314974764702,1
215,TUR,1984,0.0023453795433986953,3
216,USA,1984,0.15870406317129082,189
217,VEN,1984,0.0023426334630526017,3
218,ARG,1988,0.0049787091571247945,2
219,AUS,1988,0.009272282140964653,16
220,AUT,1988,0.005230735154071167,11
221,BEL,1988,0.006369114018255585,2
222,BRA,1988,0.027042672350030803,8
223,CAN,1988,0.020012539123058545,18
224,CHI,1988,0.027042672350030803,1
225,CHN,1988,0.016021279603134545,30
226,COL,1988,0.0015306972113887677,1
227,DJI,1988,4.847013090647858e-06,1
228,ESP,1988,0.014775801086045471,5
229,FIN,1988,0.004276295188414159,11
230,FRA,1988,0.0400392089620846,21
231,GBR,1988,0.035765358416208794,26
232,HUN,1988,0.027042672350030803,24
233,ITA,1988,0.035037599312337284,19
234,JAM,1988,0.00013977726182658873,2
235,JPN,1988,0.12285858020137415,16
236,KEN,1988,0.0003177308756363386,9
237,KOR,1988,0.007835034748344,35
238,LIE,1988,3.495630434984108e-05,1
239,MAR,1988,0.0009997397493453468,3
240,MEX,1988,0.007128252438858941,2
241,NOR,1988,0.003994892240126501,11
242,NZL,1988,0.0017651467303990561,17
243,PAK,1988,0.0015016160836081034,1
244,PER,1988,0.0005961973452568122,1
245,POL,1988,0.027042672350030803,18
246,ROU,1988,0.00157833893803355,26
247,SEN,1988,0.00024159073884749392,1
248,SUR,1988,3.492652101382689e-05,1
249,SWE,1988,0.008125740452027805,19
250,THA,1988,0.002413370510994551,1
251,TUR,1988,0.0035615065028545083,2
252,USA,1988,0.2058287478559516,108
253,ARG,1992,0.008982373047176277,2
254,AUS,1992,0.012785113526602375,30
255,AUT,1992,0.007657626624630691,24
256,BEL,1992,0.009218334927056643,3
257,BRA,1992,0.015343029329568322,3
258,CAN,1992,0.02335409744454781,29
259,CHN,1992,0.01937403946591334,64
260,COL,1992,0.0022847194203811524,1
261,CUB,1992,0.0008574630436789869,31
262,ESP,1992,0.024790004752929043,27
263,EST,1992,0.032547306039569006,3
264,ETH,1992,0.0004017584032833619,3
265,FIN,1992,0.004412836330471702,12
266,FRA,1992,0.055079597733968116,42
267,GBR,1992,0.04636059674939719,21
268,GHA,1992,0.00024149972017966636,1
269,HUN,1992,0.0015117516542216226,31
270,IRL,1992,0.002187393910398612,2
271,ISR,1992,0.032547306039569006,2
272,ITA,1992,0.0518836029261127,35
273,JAM,1992,0.0001282643167959261,4
274,JPN,1992,0.15646698146580024,30
275,KEN,1992,0.00031198152785646093,8
276,KOR,1992,0.013964638693939676,39
277,LTU,1992,0.032547306039569006,2
278,LUX,1992,0.0005993143252929175,2
279,MAR,1992,0.0013144391758127532,3
280,MEX,1992,0.014264681996897954,1
281,NAM,1992,0.00012409997817784858,2
282,NOR,1992,0.005132409159451478,27
283,NZL,1992,0.001626504391333631,13
284,PAK,1992,0.0019108992380646988,1
285,PER,1992,0.0014030902616728605,1
286,POL,1992,0.003697589552801155,21
287,PRK,1992,0.032547306039569006,11
288,QAT,1992,0.00028985183255194615,1
289,ROU,1992,0.0009767978212460791,19
290,SUR,1992,5.193147506036004e-06,1
291,SWE,1992,0.01116568469061238,18
292,THA,1992,0.004370391478755803,1
293,TUR,1992,0.006243547879549576,6
294,USA,1992,0.2562972184793574,128
295,AUS,1994,0.01267835139181496,1
296,AUT,1994,0.007990067911547152,9
297,BLR,1994,0.0005770417409626925,2
298,CAN,1994,0.022786356228456515,14
299,CHN,1994,0.022172250731008487,3
300,FIN,1994,0.004049912433800014,6
301,FRA,1994,0.05478544124414528,5
302,GBR,1994,0.04482086934402356,3
303,ITA,1994,0.04319846421535346,23
304,JPN,1994,0.19648732489511328,5
305,KAZ,1994,0.0008246374088730707,3
306,KOR,1994,0.0182137484823437,6
307,NOR,1994,0.004986701452887563,26
308,RUS,1994,0.015519406314546416,27
309,SWE,1994,0.008992383072226915,3
310,UKR,1994,0.002054963341543414,2
311,USA,1994,0.2864436909059655,13
312,UZB,1994,0.0004963424465757786,1
313,ARG,1996,0.010687239741742762,3
314,ARM,1996,5.2064050781496245e-05,2
315,AUS,1996,0.015765661045303594,51
316,AUT,1996,0.009315400646933888,3
317,AZE,1996,0.00011415422279566377,1
318,BDI,1996,2.344960615164654e-05,1
319,BEL,1996,0.010964434785608828,6
320,BLR,1996,0.0005693664626409702,15
321,BRA,1996,0.033418752970510404,19
322,CAN,1996,0.024777896616076257,24
323,CHN,1996,0.033942462936907745,58
324,CUB,1996,0.0009726979661442758,25
325,CZE,1996,0.0026382393748556427,13
326,ECU,1996,0.000980914522767273,1
327,ESP,1996,0.025248858408554526,20
328,ETH,1996,0.00032530018321659765,3
329,FIN,1996,0.0051831624300902514,4
330,FRA,1996,0.0631068681311275,41
331,GBR,1996,0.05579423420346979,18
332,GEO,1996,0.00011095211565407034,2
333,HKG,1996,0.006267660472438114,1
334,HUN,1996,0.001823400539639673,23
335,IND,1996,0.015433695461067858,1
336,IRL,1996,0.002968553319766832,4
337,ISR,1996,0.004490406534424013,1
338,ITA,1996,0.051579542737070834,38
339,JAM,1996,0.0002799356478183549,6
340,JPN,1996,0.19352318531855933,15
341,KAZ,1996,0.0008161688633786727,11
342,KEN,1996,0.0004628003554998525,8
343,KOR,1996,0.02397438245286866,32
344,LTU,1996,0.0003187976747347568,1
345,MAR,1996,0.0016859295363124353,2
346,MDA,1996,5.5922361965373227e-05,3
347,MEX,1996,0.01697701159125197,1
348,MOZ,1996,0.00014770996055325325,1
349,NAM,1996,0.00014609895975593997,2
350,NOR,1996,0.006417110596594325,8
351,NZL,1996,0.0027464590533399836,6
352,POL,1996,0.006286334577407387,17
353,PRK,1996,0.03879033734704189,5
354,ROU,1996,0.001441250396158163,23
355,RUS,1996,0.015387626206579914,63
356,SVK,1996,0.001086995666207049,3
357,SWE,1996,0.011457463894933234,10
358,SYR,1996,0.0024086151819795914,1
359,THA,1996,0.007184231958519714,2
360,TTO,1996,0.00021569071959227044,2
361,TUN,1996,0.0007592416338054048,1
362,TUR,1996,0.007122484161383817,6
363,UGA,1996,0.00022689567302733112,1
364,UKR,1996,0.0017408544939137465,25
365,USA,1996,0.3173361313773348,106
366,UZB,1996,0.0005376065522445006,2
367,AUS,1998,0.015700114803724546,1
368,AUT,1998,0.008568880530420944,17
369,BEL,1998,0.010151794894831721,1
370,BLR,1998,0.0005876257786123234,2
371,CAN,1998,0.02491123318058135,16
372,CHN,1998,0.04044070008601749,8
373,CZE,1998,0.0026154260107842183,3
374,FIN,1998,0.0052582248139949935,12
375,FRA,1998,0.059075081356563405,9
376,GBR,1998,0.06499448315418425,1
377,ITA,1998,0.0499138605259052,11
378,JPN,1998,0.1610920771903048,10
379,KAZ,1998,0.0008594044106418099,2
380,KOR,1998,0.015057703017107706,6
381,NOR,1998,0.006051936734552154,25
382,RUS,1998,0.010640294379585703,22
383,SWE,1998,0.01063453874370646,3
384,UKR,1998,0.0016356513536797109,1
385,USA,1998,0.35624015944886844,15
386,ARG,2000,0.0111610711593299,5
387,ARM,2000,6.443047382622337e-05,1
388,AUS,2000,0.01634845460329323,69
389,AUT,2000,0.007744558563535875,4
390,AZE,2000,0.0001965502730121618,3
391,BEL,2000,0.009297377895494133,7
392,BLR,2000,0.0004899595774882802,17
393,BRA,2000,0.025754343033368175,16
394,CAN,2000,0.02926563211054929,16
395,CHI,2000,0.00024242739470644743,1
396,CHN,2000,0.047605598122049904,70
397,CMR,2000,0.0004046510083682385,1
398,COL,2000,0.0039152840844656695,1
399,CUB,2000,0.0011907858652397472,30
400,CZE,2000,0.0024196958508494997,9
401,ESP,2000,0.023510388507873653,12
402,EST,2000,0.00021282280997834204,3
403,ETH,2000,0.0003132877229270958,8
404,FIN,2000,0.004942998582023059,5
405,FRA,2000,0.05367130101168489,42
406,GBR,2000,0.06545990025453412,31
407,GEO,2000,0.00010947518506653892,6
408,HUN,2000,0.0018453998845773182,21
409,IND,2000,0.01840145371818797,1
410,IRL,2000,0.003928355741787413,1
411,ISL,2000,0.0003440789324999201,1
412,ISR,2000,0.00533672710811215,1
413,ITA,2000,0.0450640803307031,38
414,JAM,2000,0.0003432693275345675,9
415,JPN,2000,0.1952908171603548,19
416,KAZ,2000,0.00070832967267007,7
417,KEN,2000,0.0004887240796636424,7
418,KGZ,2000,4.3129869850195474e-05,1
419,KOR,2000,0.022638359227106247,31
420,LTU,2000,0.00044231685486780274,6
421,MAR,2000,0.0016802644667769596,5
422,MDA,2000,3.993565071007947e-05,2
423,MEX,2000,0.029159022546042527,6
424,MKD,2000,0.00013759624630959317,1
425,MOZ,2000,0.0002224183665991835,1
426,NOR,2000,0.0067291102586134,11
427,NZL,2000,0.0020578604858233203,4
428,POL,2000,0.006759112893329452,18
429,PRK,2000,0.0397870845854391,4
430,QAT,2000,0.000687413299771281,1
431,ROU,2000,0.0014536982090145533,30
432,RUS,2000,0.010198250443621762,93
433,SVK,2000,0.001138786220086847,6
434,SWE,2000,0.010321103529391775,13
435,THA,2000,0.004957648315799625,3
436,TTO,2000,0.0003098280780562745,2
437,TUR,2000,0.010771552691125796,5
438,UKR,2000,0.0012619228408679514,25
439,USA,2000,0.4029444256710657,102
440,UZB,2000,0.000530201580329324,4
441,AUS,2002,0.015547370574484886,2
442,AUT,2002,0.008416949527842745,17
443,BLR,2002,0.0005630005485883726,1
444,CAN,2002,0.02988969954130184,18
445,CHN,2002,0.05779552880681993,9
446,CZE,2002,0.003220336295532731,3
447,EST,2002,0.00027891691290124834,3
448,FIN,2002,0.00550845614916972,7
449,FRA,2002,0.05900828126102881,12
450,GBR,2002,0.07018465435260834,2
451,ITA,2002,0.05017789211694926,14
452,JPN,2002,0.1644130377860901,2
453,KOR,2002,0.024645776488698576,4
454,NOR,2002,0.007690517532036216,25
455,POL,2002,0.007814561051376647,2
456,RUS,2002,0.013569409334082256,15
457,SWE,2002,0.010478874668978778,7
458,USA,2002,0.4296024531646,37
459,ARG,2004,0.006461837283216399,8
460,AUS,2004,0.024150995163851188,56
461,AUT,2004,0.011839302303929529,8
462,AZE,2004,0.00033050729765585923,5
463,BEL,2004,0.01450277224153591,3
464,BLR,2004,0.0008989619354783005,15
465,BRA,2004,0.026298427322095135,13
466,CAN,2004,0.040347517590404995,14
467,CHI,2004,0.000325524387297315,4
468,CHN,2004,0.07685213350948603,74
469,CMR,2004,0.0007293294956174068,1
470,COL,2004,0.004592081614912287,2
471,CUB,2004,0.0014910127471846224,28
472,CZE,2004,0.004699081573389543,10
473,DOM,2004,0.0008667607819693363,1
474,EGY,2004,0.003086153499286856,5
475,ERI,2004,3.2884572760925276e-05,1
476,ESP,2004,0.042012863124524485,24
477,EST,2004,0.00046673308571038203,3
478,ETH,2004,0.00038753615649675366,7
479,FIN,2004,0.007752020150443252,2
480,FRA,2004,0.08331007808420703,36
481,GBR,2004,0.09517716513347563,37
482,GEO,2004,0.00019076199295277966,4
483,HKG,2004,0.00663644177934894,2
484,HUN,2004,0.004082180344448545,19
485,IND,2004,0.027865250710424755,1
486,ISR,2004,0.0054915016861931615,2
487,ITA,2004,0.07100279589567791,34
488,JAM,2004,0.0003892452198193152,5
489,JPN,2004,0.19233308274324246,39
490,KAZ,2004,0.0016855394125558558,8
491,KEN,2004,0.0006219812842373857,7
492,KOR,2004,0.031168275003557892,34
493,LTU,2004,0.0008787547652829337,3
494,MAR,2004,0.0025881736577148453,3
495,MEX,2004,0.03220146120544629,4
496,NOR,2004,0.010416750654525336,7
497,NZL,2004,0.004073704911007901,6
498,POL,2004,0.01001731515974495,12
499,PRK,2004,0.05146957739118507,5
500,ROU,2004,0.002936432729074635,21
501,RUS,2004,0.023221599667817092,95
502,SVK,2004,0.0022471006922060743,7
503,SWE,2004,0.015127917301406864,9
504,SYR,2004,0.004425840613332032,1
505,THA,2004,0.006785655682761998,8
506,TTO,2004,0.0005113238423740727,1
507,TUR,2004,0.016061404713137262,10
508,UKR,2004,0.0026316498213527543,23
509,USA,2004,0.4802356776134697,106
510,UZB,2004,0.0004621776273254493,5
511,VEN,2004,0.004409647625808993,2
512,AUS,2006,0.02940888009977846,2
513,AUT,2006,0.013208142160063241,24
514,BLR,2006,0.001442226047164207,1
515,CAN,2006,0.05184834917121264,26
516,CHN,2006,0.10817248803117828,13
517,CZE,2006,0.006131883522086608,4
518,EST,2006,0.0006584417474688083,3
519,FIN,2006,0.008522863983480192,10
520,FRA,2006,0.09120738786391148,9
521,GBR,2006,0.10645558324365662,1
522,ITA,2006,0.0766243355621634,13
523,JPN,2006,0.18087634367613656,1
524,KOR,2006,0.041390256134664814,11
525,NOR,2006,0.013626197807928116,20
526,POL,2006,0.01353623928718493,2
527,RUS,2006,0.038902588575778115,25
528,SVK,2006,0.002771086322297306,1
529,SWE,2006,0.016620694311829956,16
530,UKR,2006,0.004387373227162338,3
531,USA,2006,0.5430670345426983,27
532,AFG,2008,0.0003866756692166844,1
533,ARG,2008,0.014201795526176782,8
534,ARM,2008,0.0004477125677697408,5
535,AUS,2008,0.041504076200057485,52
536,AUT,2008,0.016972844462041285,3
537,AZE,2008,0.0019095871738681535,6
538,BEL,2008,0.02032496990752416,2
539,BLR,2008,0.002377396937144955,17
540,BRA,2008,0.06665175910654592,21
541,CAN,2008,0.0610358547089209,22
542,CHI,2008,0.07866995627058665,1
543,CHN,2008,0.18058835225436504,113
544,CMR,2008,0.0010787449018223034,1
545,COL,2008,0.00952189907066829,3
546,CUB,2008,0.0022024725322767717,30
547,CZE,2008,0.00929832231338667,8
548,DOM,2008,0.0018809429657856633,2
549,ECU,2008,0.0024171198692922676,1
550,EGY,2008,0.006389518492479806,2
551,ESP,2008,0.06413630981143911,25
552,EST,2008,0.0009461372241329782,3
553,ETH,2008,0.0010532636130858506,7
554,FIN,2008,0.011220528516854272,5
555,FRA,2008,0.11517677786952221,45
556,GBR,2008,0.11514171355363441,56
557,GEO,2008,0.0004922538380698853,7
558,HUN,2008,0.006212919894273755,12
559,IND,2008,0.047116730484993236,3
560,IRL,2008,0.010816870074409485,3
561,ISL,2008,0.00069978515354024,1
562,ISR,2008,0.008658157728757257,1
563,ITA,2008,0.09467126799159234,28
564,JAM,2008,0.0005281923979583803,10
565,JPN,2008,0.20072804797510227,26
566,KAZ,2008,0.005234754575176849,9
567,KEN,2008,0.0014002934622801314,16
568,KGZ,2008,0.00019133565826763717,3
569,KOR,2008,0.04115920142009477,35
570,LTU,2008,0.0018681655578698057,5
571,MAR,2008,0.003991851530695188,2
572,MDA,2008,0.00022729815540630384,1
573,MEX,2008,0.045648864154113164,5
574,NOR,2008,0.01826476101695279,9
575,NZL,2008,0.005222557802217336,11
576,PAN,2008,0.000978143053300492,1
577,POL,2008,0.020964594820026352,12
578,PRK,2008,0.07866995627058665,6
579,ROU,2008,0.008413896621210261,10
580,RUS,2008,0.0652756658263722,67
581,SGP,2008,0.007600203823667674,1
582,SRB,2008,0.0020409945210518275,3
583,SVK,2008,0.003954782930637919,7
584,SWE,2008,0.020339831141369103,7
585,THA,2008,0.011443280042683563,6
586,TJK,2008,0.00019217454570283568,2
587,TTO,2008,0.0010848946202686993,2
588,TUN,2008,0.0017526711472967901,1
589,TUR,2008,0.030274920425665153,5
590,UKR,2008,0.007383731464870612,23
591,USA,2008,0.5805785297443354,116
592,UZB,2008,0.0011508493880631717,4
593,VEN,2008,0.012409119626510399,1
594,AUS,2010,0.04515108331383859,3
595,AUT,2010,0.015409254700929388,17
596,BLR,2010,0.0022390211107718994,3
597,CAN,2010,0.06356553729464513,29
598,CHN,2010,0.2392710785208517,13
599,CZE,2010,0.00820763169984432,6
600,EST,2010,0.0007567382566710249,1
601,FIN,2010,0.00979392407362189,5
602,FRA,2010,0.1039691397026832,11
603,GBR,2010,0.09769127492507414,1
604,ITA,2010,0.08395737148714914,5
605,JPN,2010,0.22637299040202682,5
606,KAZ,2010,0.005808890898901824,1
607,KOR,2010,0.04494597024120733,14
608,NOR,2010,0.0169335435893276,24
609,POL,2010,0.01868847576995077,6
610,RUS,2010,0.05993233241126335,19
611,SVK,2010,0.003572814167365006,3
612,SWE,2010,0.019479214669214696,12
613,USA,2010,0.5915499453896997,39
614,AFG,2012,0.0007718271410491288,1
615,ARG,2012,0.021451343045009202,5
616,ARM,2012,0.0004067242227887327,2
617,AUS,2012,0.0608259500250787,40
618,AZE,2012,0.002728341869113894,10
619,BEL,2012,0.019492592371259047,3
620,BLR,2012,0.002571339355451778,13
621,BRA,2012,0.09689507803091757,20
622,BRN,2012,0.0007380651169295545,1
623,CAN,2012,0.07186065769177616,20
624,CHN,2012,0.33538148171013427,102
625,CMR,2012,0.001174655876837087,1
626,COL,2012,0.014560809343311413,9
627,CUB,2012,0.002864392709658443,15
628,CYP,2012,0.0009711226644322368,1
629,CZE,2012,0.008199289466417929,12
630,DOM,2012,0.0023746228694282575,2
631,EGY,2012,0.010961102691832215,4
632,ESP,2012,0.05206399589249686,21
633,EST,2012,0.0008941498687874122,2
634,ETH,2012,0.0016917924782510804,7
635,FIN,2012,0.010142428355305832,3
636,FRA,2012,0.10548190310250163,38
637,GAB,2012,0.0006642435136751556,1
638,GBR,2012,0.1064024430650303,77
639,GEO,2012,0.0006374488244333356,6
640,HKG,2012,0.010312982730011714,1
641,HUN,2012,0.005052857025206286,20
642,IND,2012,0.07183200568165905,6
643,IRL,2012,0.008838494058567962,6
644,ITA,2012,0.08202563389618325,29
645,JAM,2012,0.0005713413656399063,12
646,JPN,2012,0.24654998640069997,39
647,KAZ,2012,0.008165517069043867,11
648,KEN,2012,0.0022061901883407035,12
649,KOR,2012,0.050228097564268104,31
650,LTU,2012,0.0016767266076671726,5
651,MAR,2012,0.004192897146203433,1
652,MEX,2012,0.04932650056348995,10
653,MNE,2012,0.00014996551867137308,1
654,NOR,2012,0.020146083095815562,4
655,NZL,2012,0.006915806983001495,19
656,POL,2012,0.019456335413100767,13
657,PRK,2012,0.09459206704846965,7
658,QAT,2012,0.007333538185311118,2
659,ROU,2012,0.007030834470143738,7
660,RUS,2012,0.08679523403776614,73
661,SGP,2012,0.011589112948871317,2
662,SRB,2012,0.0016917347531695869,4
663,SVK,2012,0.0037088586897429084,5
664,SWE,2012,0.02170690506891637,9
665,THA,2012,0.015616933038725704,4
666,TJK,2012,0.0002893361913323337,1
667,TTO,2012,0.0010637854271065598,4
668,TUN,2012,0.0018490554668504802,3
669,TUR,2012,0.034603113447484776,3
670,UGA,2012,0.0010626586073507324,1
671,UKR,2012,0.007166799034718835,19
672,USA,2012,0.6389176695844831,112
673,UZB,2012,0.002643332279522039,2
674,VEN,2012,0.014977292566310666,1
675,AUS,2014,0.057718484430838365,3
676,AUT,2014,0.01738688206719804,18
677,BLR,2014,0.003087346038175321,6
678,CAN,2014,0.07097162026858148,27
679,CHN,2014,0.4117762654282931,9
680,CZE,2014,0.008218987819907576,8
681,FIN,2014,0.010793888241242796,7
682,FRA,2014,0.1122545701191055,15
683,GBR,2014,0.1204600912238334,5
684,ITA,2014,0.08497585591448041,8
685,JPN,2014,0.19248553899231094,8
686,KAZ,2014,0.00869292849463656,1
687,KOR,2014,0.058343138278056296,8
688,NOR,2014,0.019712078124457407,27
689,POL,2014,0.021180035814352925,6
690,RUS,2014,0.08093614133920912,33
691,SVK,2014,0.003976683660702841,1
692,SWE,2014,0.02286574757596154,17
693,UKR,2014,0.0052372005032432275,2
694,USA,2014,0.6898900408555984,32
695,ARG,2016,0.02190536053250845,5
696,ARM,2016,0.00040384741090313827,4
697,AUS,2016,0.047458159652785895,34
698,AUT,2016,0.015549283236215168,2
699,AZE,2016,0.001477804780262294,18
700,BDI,2016,9.324103205684592e-05,1
701,BEL,2016,0.01870286852392206,6
702,BLR,2016,0.0018652564410434867,9
703,BRA,2016,0.07057631279622621,23
704,BRN,2016,0.0004374303254757471,2
705,CAN,2016,0.060053326748977336,24
706,CHN,2016,0.4415602999031147,79
707,CIV,2016,0.0018921523179407094,2
708,COL,2016,0.011102750282684858,8
709,CUB,2016,0.0035809736097605744,11
710,CZE,2016,0.00770455935745547,12
711,DOM,2016,0.002965167299675363,1
712,EGY,2016,0.013057260362924308,3
713,ESP,2016,0.04847917576732053,19
714,EST,2016,0.0009355690086302619,1
715,ETH,2016,0.002909823968179729,8
716,FIN,2016,0.009453784362765793,1
717,FRA,2016,0.09719919421326272,45
718,GBR,2016,0.10569554194834964,75
719,GEO,2016,0.0005844907207855836,7
720,HUN,2016,0.005044820029680069,16
721,IND,2016,0.0901955987577563,2
722,IRL,2016,0.011725372969988188,3
723,ISR,2016,0.012650846838082699,2
724,ITA,2016,0.07377521359487953,31
725,JAM,2016,0.0005426461506594051,11
726,JOR,2016,0.0015574274149695005,1
727,JPN,2016,0.19667915624828416,43
728,KAZ,2016,0.005385570517500054,18
729,KEN,2016,0.0029302017442048756,13
730,KOR,2016,0.058940293918898476,22
731,LTU,2016,0.0016814379956969498,7
732,MAR,2016,0.004375116447004851,1
733,MEX,2016,0.04371014275501971,5
734,NOR,2016,0.014571242146179378,6
735,NZL,2016,0.007412346569049109,23
736,POL,2016,0.018465512643491243,13
737,PRK,2016,0.09582302087746139,7
738,QAT,2016,0.0059537382476064745,1
739,ROU,2016,0.00727277141602923,5
740,RUS,2016,0.05017856085966498,59
741,SGP,2016,0.01253006059969531,1
742,SRB,2016,0.0015888790083745362,9
743,SVK,2016,0.003525244826626216,5
744,SWE,2016,0.020259189478706443,11
745,THA,2016,0.016238331632003025,6
746,TJK,2016,0.0002641540102895801,1
747,TTO,2016,0.0009214508548911009,1
748,TUN,2016,0.0017330414908683397,3
749,TUR,2016,0.03417570587730046,8
750,UKR,2016,0.0036590202379477555,12
751,USA,2016,0.7348765354423443,127
752,UZB,2016,0.0033753039173530655,13
753,VEN,2016,0.09582302087746139,3
754,AUS,2018,0.05619077623834998,3
755,AUT,2018,0.01787456437863567,15
756,BEL,2018,0.021345864700376745,1
757,BLR,2018,0.002349057756198246,3
758,CAN,2018,0.06781035865516287,34
759,CHN,2018,0.5461850650051582,10
760,CZE,2018,0.009777266069533167,7
761,ESP,2018,0.05587508702071754,2
762,FIN,2018,0.010827111276444023,6
763,FRA,2018,0.10969918203829322,17
764,GBR,2018,0.1128589806934053,5
765,HUN,2018,0.006300973306718546,1
766,ITA,2018,0.08222118741024279,10
767,JPN,2018,0.19814158348902977,13
768,KAZ,2018,0.0070389747691729085,1
769,KOR,2018,0.06781210020545488,17
770,LIE,2018,0.0002523693345171938,1
771,NOR,2018,0.017276966488277958,42
772,NZL,2018,0.008318355337792592,2
773,POL,2018,0.023133671589506712,2
774,SVK,2018,0.004161470798452496,3
775,SWE,2018,0.02182371761129914,15
776,UKR,2018,0.005134494435385603,1
777,USA,2018,0.8071244847811013,26
778,ARG,2020,0.015152385759246106,3
779,ARM,2020,0.0004862219984134873,4
780,AUS,2020,0.052285337594543096,50
781,AUT,2020,0.017090668705984326,7
782,AZE,2020,0.0016675104296938518,7
783,BEL,2020,0.020676241264694344,7
784,BLR,2020,0.002401754756472787,7
785,BRA,2020,0.058013677441165805,23
786,BRN,2020,0.0004612254088100362,1
787,CAN,2020,0.06507270024073752,27
788,CHN,2020,0.577350715432694,104
789,CIV,2020,0.002465082166050228,1
790,COL,2020,0.010608669057454001,5
791,CUB,2020,0.004209187123196694,16
792,CZE,2020,0.009658317556487295,13
793,DOM,2020,0.0030885980812525443,5
794,ECU,2020,0.0038923295210902867,3
795,EGY,2020,0.015076807529780942,6
796,ESP,2020,0.05023133394167657,19
797,EST,2020,0.0012224294850667746,2
798,ETH,2020,0.0042212131167972695,4
799,FIN,2020,0.010676875018802864,2
800,FRA,2020,0.10405683072799587,37
801,GBR,2020,0.10603753177459832,71
802,GEO,2020,0.0006120591049347957,8
803,GHA,2020,0.002742616993792606,1
804,HKG,2020,0.013548679904240205,6
805,HUN,2020,0.006169738099750589,21
806,IND,2020,0.10500719466123459,7
807,IRL,2020,0.01683749362479238,5
808,ISR,2020,0.016234452593610966,4
809,ITA,2020,0.07457672329668213,43
810,JAM,2020,0.0005322420285301559,9
811,JOR,2020,0.0017071097130569662,2
812,JPN,2020,0.19871966859611578,60
813,KAZ,2020,0.006714375804609381,8
814,KEN,2020,0.003946040704251556,10
815,KGZ,2020,0.0003143930542622795,3
816,KOR,2020,0.06462568160837101,22
817,LTU,2020,0.0022285271032554906,1
818,MAR,2020,0.00475958650035465,1
819,MDA,2020,0.00044259952689025594,1
820,MEX,2020,0.04404456934451634,6
821,MKD,2020,0.0004752894391639867,1
822,NAM,2020,0.00040532591532262965,1
823,NOR,2020,0.014440613077147722,9
824,NZL,2020,0.0083452070680349,25
825,POL,2020,0.023552821463674527,16
826,QAT,2020,0.00566596374797267,4
827,ROU,2020,0.009870113033936144,6
828,SMR,2020,4.9873708163914365e-05,4
829,SRB,2020,0.0020866819926919915,9
830,SVK,2020,0.004184803038914801,4
831,SWE,2020,0.021493474438661724,10
832,SYR,2020,0.000427850375838563,1
833,THA,2020,0.019661793703687837,2
834,TKM,2020,0.0017903512443578477,1
835,TUN,2020,0.0016614289222889101,2
836,TUR,2020,0.028305118445429826,13
837,UGA,2020,0.0014675228402125898,4
838,UKR,2020,0.006145784241690076,22
839,USA,2020,0.8278567241673129,118
840,UZB,2020,0.0023566651400117183,5
841,VEN,2020,0.107781827810494,4
842,AUS,2022,0.06653782428253578,4
843,AUT,2022,0.018501573482827594,19
844,BEL,2022,0.02292359393835508,2
845,BLR,2022,0.0028507311439090913,2
846,CAN,2022,0.08495516965594299,27
847,CHN,2022,0.7061046866070333,16
848,CZE,2022,0.01141115166264049,2
849,ESP,2022,0.05572169327969295,1
850,EST,2022,0.0014869958705690846,1
851,FIN,2022,0.011099988338593566,9
852,FRA,2022,0.10923279409635467,15
853,GBR,2022,0.12141783582985735,2
854,HUN,2022,0.006960256762948996,3
855,ITA,2022,0.08056253134020139,19
856,JPN,2022,0.16730479762695913,18
857,KOR,2022,0.06578937277665454,9
858,NOR,2022,0.023313279828634195,39
859,NZL,2022,0.009741933702584188,3
860,POL,2022,0.02703883650411352,1
861,SVK,2022,0.004527980133988861,2
862,SWE,2022,0.023249173160556302,20
863,UKR,2022,0.006298500541460227,1
864,USA,2022,1.0,28
